{
  "feature_columns": [
    "category_id",
    "emotion_score",
    "reason_length",
    "choice_count",
    "temperature",
    "humidity",
    "discomfort_index",
    "hour"
  ],
  "mean": [
    3.6453333333333333,
    3.998,
    95.17333333333333,
    2.48,
    14.598933300067982,
    59.638666666666666,
    58.138800022125245,
    11.637333333333334
  ],
  "scale": [
    2.3000459898783667,
    2.011797537858453,
    49.96470042829126,
    1.113073822050152,
    11.526503859944714,
    20.37250037564254,
    16.3377530388467,
    6.856953129650385
  ],
  "labels": [
    "낮음",
    "보통",
    "높음"
  ],
  "category_map": {
    "진로": 0,
    "연애": 1,
    "인간관계": 2,
    "소비": 3,
    "공부": 4,
    "업무": 5,
    "음식": 6,
    "일상": 7
  }
}